smiles|aLogP|canonical_smiles|CanonicalSMILES|IUPACName|XLogP
CN(C)CCN(Cc1ccc(Cl)cc1)c1ccccn1|3.3032000000000012|CN(C)CCN(Cc1ccc(Cl)cc1)c1ccccn1|CN(C)CCN(CC1=CC=C(C=C1)Cl)C2=CC=CC=N2|N'-[(4-chlorophenyl)methyl]-N,N-dimethyl-N'-pyridin-2-ylethane-1,2-diamine|3.9
CCN(CC)CCCC(C)Nc1ccnc2cc(Cl)ccc12|4.810600000000004|CCN(CC)CCCC(C)Nc1ccnc2cc(Cl)ccc12|CCN(CC)CCCC(C)NC1=C2C=CC(=CC2=NC=C1)Cl|4-N-(7-chloroquinolin-4-yl)-1-N,1-N-diethylpentane-1,4-diamine|4.6
Cc1cccc(C)c1OCC(=O)NC(Cc1ccccc1)C(O)CC(Cc1ccccc1)NC(=O)C(C(C)C)N1CCCNC1=O|4.328140000000003|Cc1cccc(C)c1OCC(=O)NC(Cc1ccccc1)C(O)CC(Cc1ccccc1)NC(=O)C(C(C)C)N1CCCNC1=O|CC1=C(C(=CC=C1)C)OCC(=O)NC(CC2=CC=CC=C2)C(CC(CC3=CC=CC=C3)NC(=O)C(C(C)C)N4CCCNC4=O)O|N-[5-[[2-(2,6-dimethylphenoxy)acetyl]amino]-4-hydroxy-1,6-diphenylhexan-2-yl]-3-methyl-2-(2-oxo-1,3-diazinan-1-yl)butanamide|5.9
O=C(Nc1ccc([N+](=O)[O-])cc1Cl)c1cc(Cl)ccc1O|3.859500000000001|O=C(Nc1ccc([N+](=O)[O-])cc1Cl)c1cc(Cl)ccc1O|C1=CC(=C(C=C1[N+](=O)[O-])Cl)NC(=O)C2=C(C=CC(=C2)Cl)O|5-chloro-N-(2-chloro-4-nitrophenyl)-2-hydroxybenzamide|4.0
Nc1ccn(C2OC(CO)C(O)C2(F)F)c(=O)n1|-1.2886|Nc1ccn(C2OC(CO)C(O)C2(F)F)c(=O)n1|C1=CN(C(=O)N=C1N)C2C(C(C(O2)CO)O)(F)F|4-amino-1-[3,3-difluoro-4-hydroxy-5-(hydroxymethyl)oxolan-2-yl]pyrimidin-2-one|-1.5
CC(=O)Oc1cc2c(c(C)c1OC(C)=O)CC=C1C2(C)CCC2(C)C3CC(C)(C(=O)O)CCC3(C)CCC12C|7.083320000000008|CC(=O)Oc1cc2c(c(C)c1OC(C)=O)CC=C1C2(C)CCC2(C)C3CC(C)(C(=O)O)CCC3(C)CCC12C|CC1=C2CC=C3C(C2=CC(=C1OC(=O)C)OC(=O)C)(CCC4(C3(CCC5(C4CC(CC5)(C)C(=O)O)C)C)C)C|10,11-diacetyloxy-2,4a,6a,6a,9,14a-hexamethyl-3,4,5,6,8,13,14,14b-octahydro-1H-picene-2-carboxylic acid|7.6
COc1cc2c(cc1OC)C1C(=O)c3ccc4c(c3OC1CO2)C=CC(C)(C)O4|4.007900000000003|COc1cc2c(cc1OC)C1C(=O)c3ccc4c(c3OC1CO2)C=CC(C)(C)O4|CC1(C=CC2=C(O1)C=CC3=C2OC4COC5=CC(=C(C=C5C4C3=O)OC)OC)C|17,18-dimethoxy-7,7-dimethyl-2,8,21-trioxapentacyclo[12.8.0.03,12.04,9.015,20]docosa-3(12),4(9),5,10,15,17,19-heptaen-13-one|3.7
CN(C)CCCN1c2ccccc2Sc2ccc(C(F)(F)F)cc21|5.259800000000004|CN(C)CCCN1c2ccccc2Sc2ccc(C(F)(F)F)cc21|CN(C)CCCN1C2=CC=CC=C2SC3=C1C=C(C=C3)C(F)(F)F|N,N-dimethyl-3-[2-(trifluoromethyl)phenothiazin-10-yl]propan-1-amine|5.2
CN(C)C(=O)C(CCN1CCC(O)(c2ccc(Cl)cc2)CC1)(c1ccccc1)c1ccccc1|5.088000000000005|CN(C)C(=O)C(CCN1CCC(O)(c2ccc(Cl)cc2)CC1)(c1ccccc1)c1ccccc1|CN(C)C(=O)C(CCN1CCC(CC1)(C2=CC=C(C=C2)Cl)O)(C3=CC=CC=C3)C4=CC=CC=C4|4-[4-(4-chlorophenyl)-4-hydroxypiperidin-1-yl]-N,N-dimethyl-2,2-diphenylbutanamide|5.0
CC1OC(OC2CC(O)C3(CO)C4C(O)CC5(C)C(C6=CC(=O)OC6)CCC5(O)C4CCC3(O)C2)C(O)C(O)C1O|-1.5149999999999972|CC1OC(OC2CC(O)C3(CO)C4C(O)CC5(C)C(C6=CC(=O)OC6)CCC5(O)C4CCC3(O)C2)C(O)C(O)C1O|CC1C(C(C(C(O1)OC2CC(C3(C4C(CCC3(C2)O)C5(CCC(C5(CC4O)C)C6=CC(=O)OC6)O)CO)O)O)O)O|3-[1,5,11,14-tetrahydroxy-10-(hydroxymethyl)-13-methyl-3-(3,4,5-trihydroxy-6-methyloxan-2-yl)oxy-2,3,4,6,7,8,9,11,12,15,16,17-dodecahydro-1H-cyclopenta[a]phenanthren-17-yl]-2H-furan-5-one|-1.7
CCCCCCC1C(=O)OC(C)C(NC(=O)c2cccc(NC=O)c2O)C(=O)OC(C)C1OC(=O)CC(C)C|3.480400000000002|CCCCCCC1C(=O)OC(C)C(NC(=O)c2cccc(NC=O)c2O)C(=O)OC(C)C1OC(=O)CC(C)C|CCCCCCC1C(C(OC(=O)C(C(OC1=O)C)NC(=O)C2=C(C(=CC=C2)NC=O)O)C)OC(=O)CC(C)C|[3-[(3-formamido-2-hydroxybenzoyl)amino]-8-hexyl-2,6-dimethyl-4,9-dioxo-1,5-dioxonan-7-yl] 3-methylbutanoate|5.3
CCN(CC)CCOc1ccc(C(O)(Cc2ccc(Cl)cc2)c2ccc(C)cc2)cc1|5.847620000000007|CCN(CC)CCOc1ccc(C(O)(Cc2ccc(Cl)cc2)c2ccc(C)cc2)cc1|CCN(CC)CCOC1=CC=C(C=C1)C(CC2=CC=C(C=C2)Cl)(C3=CC=C(C=C3)C)O|2-(4-chlorophenyl)-1-[4-[2-(diethylamino)ethoxy]phenyl]-1-(4-methylphenyl)ethanol|6.2
CC12CCC(O)CC1CCC1C2CCC2(C)C(c3ccc(=O)oc3)CCC12O|4.241900000000004|CC12CCC(O)CC1CCC1C2CCC2(C)C(c3ccc(=O)oc3)CCC12O|CC12CCC(CC1CCC3C2CCC4(C3(CCC4C5=COC(=O)C=C5)O)C)O|5-(3,14-dihydroxy-10,13-dimethyl-1,2,3,4,5,6,7,8,9,11,12,15,16,17-tetradecahydrocyclopenta[a]phenanthren-17-yl)pyran-2-one|3.2
CC12CCC3C(CCC4(O)CC(O)CCC34C=O)C1(O)CCC2C1=CC(=O)OC1|1.8981999999999999|CC12CCC3C(CCC4(O)CC(O)CCC34C=O)C1(O)CCC2C1=CC(=O)OC1|CC12CCC3C(C1(CCC2C4=CC(=O)OC4)O)CCC5(C3(CCC(C5)O)C=O)O|3,5,14-trihydroxy-13-methyl-17-(5-oxo-2H-furan-3-yl)-2,3,4,6,7,8,9,11,12,15,16,17-dodecahydro-1H-cyclopenta[a]phenanthrene-10-carbaldehyde|0.6
CCC1CN2CCc3cc(OC)c(OC)cc3C2CC1CC1NCCc2cc(OC)c(OC)cc21|4.943400000000005|CCC1CN2CCc3cc(OC)c(OC)cc3C2CC1CC1NCCc2cc(OC)c(OC)cc21|CCC1CN2CCC3=CC(=C(C=C3C2CC1CC4C5=CC(=C(C=C5CCN4)OC)OC)OC)OC|2-[(6,7-dimethoxy-1,2,3,4-tetrahydroisoquinolin-1-yl)methyl]-3-ethyl-9,10-dimethoxy-2,3,4,6,7,11b-hexahydro-1H-benzo[a]quinolizine|4.7
CN(C)CCCN1c2ccccc2Sc2ccccc21|4.241000000000003|CN(C)CCCN1c2ccccc2Sc2ccccc21|CN(C)CCCN1C2=CC=CC=C2SC3=CC=CC=C31|N,N-dimethyl-3-phenothiazin-10-ylpropan-1-amine|4.5
CCCCCCOc1ccccc1C(N)=O|2.7446|CCCCCCOc1ccccc1C(N)=O|CCCCCCOC1=CC=CC=C1C(=O)N|2-hexoxybenzamide|3.2
CC(=O)OC1CC(OC2C(O)CC(OC3C(O)CC(OC4CCC5(C)C(CCC6C5CC(O)C5(C)C(C7=CC(=O)OC7)CCC65O)C4)OC3C)OC2C)OC(C)C1OC1OC(CO)C(O)C(O)C1O|0.6131000000000075|CC(=O)OC1CC(OC2C(O)CC(OC3C(O)CC(OC4CCC5(C)C(CCC6C5CC(O)C5(C)C(C7=CC(=O)OC7)CCC65O)C4)OC3C)OC2C)OC(C)C1OC1OC(CO)C(O)C(O)C1O|CC1C(C(CC(O1)OC2CCC3(C(C2)CCC4C3CC(C5(C4(CCC5C6=CC(=O)OC6)O)C)O)C)O)OC7CC(C(C(O7)C)OC8CC(C(C(O8)C)OC9C(C(C(C(O9)CO)O)O)O)OC(=O)C)O|[6-[6-[6-[[12,14-dihydroxy-10,13-dimethyl-17-(5-oxo-2H-furan-3-yl)-1,2,3,4,5,6,7,8,9,11,12,15,16,17-tetradecahydrocyclopenta[a]phenanthren-3-yl]oxy]-4-hydroxy-2-methyloxan-3-yl]oxy-4-hydroxy-2-methyloxan-3-yl]oxy-2-methyl-3-[3,4,5-trihydroxy-6-(hydroxymethyl)oxan-2-yl]oxyoxan-4-yl] acetate|0.2
O=C1C(O)=C(C2CCC(c3ccc(Cl)cc3)CC2)C(=O)c2ccccc21|5.505100000000004|O=C1C(O)=C(C2CCC(c3ccc(Cl)cc3)CC2)C(=O)c2ccccc21|C1CC(CCC1C2=CC=C(C=C2)Cl)C3=C(C4=CC=CC=C4C(=O)C3=O)O|3-[4-(4-chlorophenyl)cyclohexyl]-4-hydroxynaphthalene-1,2-dione|5.2
CC1OC(OC2C=C3CCC4C(CCC5(C)C(c6ccc(=O)oc6)CCC45O)C3(C)CC2)C(O)C(O)C1O|3.013800000000002|CC1OC(OC2C=C3CCC4C(CCC5(C)C(c6ccc(=O)oc6)CCC45O)C3(C)CC2)C(O)C(O)C1O|CC1C(C(C(C(O1)OC2CCC3(C4CCC5(C(CCC5(C4CCC3=C2)O)C6=COC(=O)C=C6)C)C)O)O)O|5-[14-hydroxy-10,13-dimethyl-3-(3,4,5-trihydroxy-6-methyloxan-2-yl)oxy-1,2,3,6,7,8,9,11,12,15,16,17-dodecahydrocyclopenta[a]phenanthren-17-yl]pyran-2-one|1.9
COc1ccc2cc1Oc1ccc(cc1)CC1c3cc(c(OC)cc3CCN1C)Oc1c(OC)c(OC)cc3c1C(C2)N(C)CC3|7.162400000000009|COc1ccc2cc1Oc1ccc(cc1)CC1c3cc(c(OC)cc3CCN1C)Oc1c(OC)c(OC)cc3c1C(C2)N(C)CC3|CN1CCC2=CC(=C3C=C2C1CC4=CC=C(C=C4)OC5=C(C=CC(=C5)CC6C7=C(O3)C(=C(C=C7CCN6C)OC)OC)OC)OC|9,20,21,25-tetramethoxy-15,30-dimethyl-7,23-dioxa-15,30-diazaheptacyclo[22.6.2.23,6.18,12.114,18.027,31.022,33]hexatriaconta-3(36),4,6(35),8,10,12(34),18,20,22(33),24,26,31-dodecaene|6.4
CC12CCC(O)CC1CCC1C2CC(O)C2(C)C(C3=CC(=O)OC3)CCC12O|2.5751000000000013|CC12CCC(O)CC1CCC1C2CC(O)C2(C)C(C3=CC(=O)OC3)CCC12O|CC12CCC(CC1CCC3C2CC(C4(C3(CCC4C5=CC(=O)OC5)O)C)O)O|3-(3,12,14-trihydroxy-10,13-dimethyl-1,2,3,4,5,6,7,8,9,11,12,15,16,17-tetradecahydrocyclopenta[a]phenanthren-17-yl)-2H-furan-5-one|1.1
COc1c(C)c2c(c(O)c1CC=C(C)CCC(=O)O)C(=O)OC2|2.73322|COc1c(C)c2c(c(O)c1CC=C(C)CCC(=O)O)C(=O)OC2|CC1=C2COC(=O)C2=C(C(=C1OC)CC=C(C)CCC(=O)O)O|6-(4-hydroxy-6-methoxy-7-methyl-3-oxo-1H-2-benzofuran-5-yl)-4-methylhex-4-enoic acid|3.2
CNC(=O)c1cc(Oc2ccc(NC(=O)Nc3ccc(Cl)c(C(F)(F)F)c3)c(F)c2)ccn1|5.688800000000002|CNC(=O)c1cc(Oc2ccc(NC(=O)Nc3ccc(Cl)c(C(F)(F)F)c3)c(F)c2)ccn1|CNC(=O)C1=NC=CC(=C1)OC2=CC(=C(C=C2)NC(=O)NC3=CC(=C(C=C3)Cl)C(F)(F)F)F|4-[4-[[4-chloro-3-(trifluoromethyl)phenyl]carbamoylamino]-3-fluorophenoxy]-N-methylpyridine-2-carboxamide|4.2
CCN(CC)Cc1cc(Nc2ccnc3cc(Cl)ccc23)ccc1O|5.179200000000004|CCN(CC)Cc1cc(Nc2ccnc3cc(Cl)ccc23)ccc1O|CCN(CC)CC1=C(C=CC(=C1)NC2=C3C=CC(=CC3=NC=C2)Cl)O|4-[(7-chloroquinolin-4-yl)amino]-2-(diethylaminomethyl)phenol|2.6
Cc1cc2c(F)c(Oc3ncnn4cc(OCC(C)O)c(C)c34)ccc2[nH]1|3.518440000000002|Cc1cc2c(F)c(Oc3ncnn4cc(OCC(C)O)c(C)c34)ccc2[nH]1|CC1=CC2=C(N1)C=CC(=C2F)OC3=NC=NN4C3=C(C(=C4)OCC(C)O)C|1-[4-[(4-fluoro-2-methyl-1H-indol-5-yl)oxy]-5-methylpyrrolo[2,1-f][1,2,4]triazin-6-yl]oxypropan-2-ol|3.0
O=C(O)c1ccc2c(c1)nc(Nc1cccc(Cl)c1)c1ccncc12|4.878200000000002|O=C(O)c1ccc2c(c1)nc(Nc1cccc(Cl)c1)c1ccncc12|C1=CC(=CC(=C1)Cl)NC2=NC3=C(C=CC(=C3)C(=O)O)C4=C2C=CN=C4|5-(3-chloroanilino)benzo[c][2,6]naphthyridine-8-carboxylic acid|4.4
CC1OC(OC2CCC3(C=O)C4CCC5(C)C(C6=CC(=O)OC6)CCC5(O)C4CCC3(O)C2)C(O)C(O)C1O|0.75|CC1OC(OC2CCC3(C=O)C4CCC5(C)C(C6=CC(=O)OC6)CCC5(O)C4CCC3(O)C2)C(O)C(O)C1O|CC1C(C(C(C(O1)OC2CCC3(C4CCC5(C(CCC5(C4CCC3(C2)O)O)C6=CC(=O)OC6)C)C=O)O)O)O|5,14-dihydroxy-13-methyl-17-(5-oxo-2H-furan-3-yl)-3-(3,4,5-trihydroxy-6-methyloxan-2-yl)oxy-2,3,4,6,7,8,9,11,12,15,16,17-dodecahydro-1H-cyclopenta[a]phenanthrene-10-carbaldehyde|-0.7
CN1CCN(CCC=C2c3ccccc3Sc3ccc(S(=O)(=O)N(C)C)cc32)CC1|3.4707000000000026|CN1CCN(CCC=C2c3ccccc3Sc3ccc(S(=O)(=O)N(C)C)cc32)CC1|CN1CCN(CC1)CCC=C2C3=CC=CC=C3SC4=C2C=C(C=C4)S(=O)(=O)N(C)C|N,N-dimethyl-9-[3-(4-methylpiperazin-1-yl)propylidene]thioxanthene-2-sulfonamide|3.8
CC(=O)OC1CC2C(C)(C)C(=O)C=CC2(C)C2CCC3(C)C(c4ccoc4)OC(=O)C4OC43C12C|4.560700000000004|CC(=O)OC1CC2C(C)(C)C(=O)C=CC2(C)C2CCC3(C)C(c4ccoc4)OC(=O)C4OC43C12C|CC(=O)OC1CC2C(C(=O)C=CC2(C3C1(C45C(O4)C(=O)OC(C5(CC3)C)C6=COC=C6)C)C)(C)C|[7-(furan-3-yl)-1,8,12,16,16-pentamethyl-5,15-dioxo-3,6-dioxapentacyclo[9.8.0.02,4.02,8.012,17]nonadec-13-en-19-yl] acetate|4.2
COC(=O)C1(C)CCC2(C)CCC3(C)C4=CC=C5C(=CC(=O)C(O)=C5C)C4(C)CCC3(C)C2C1|6.786100000000007|COC(=O)C1(C)CCC2(C)CCC3(C)C4=CC=C5C(=CC(=O)C(O)=C5C)C4(C)CCC3(C)C2C1|CC1=C(C(=O)C=C2C1=CC=C3C2(CCC4(C3(CCC5(C4CC(CC5)(C)C(=O)OC)C)C)C)C)O|methyl 10-hydroxy-2,4a,6a,6a,9,14a-hexamethyl-11-oxo-1,3,4,5,6,13,14,14b-octahydropicene-2-carboxylate|6.3
Nc1nc2cc(Cl)ccc2o1|2.0633999999999997|Nc1nc2cc(Cl)ccc2o1|C1=CC2=C(C=C1Cl)N=C(O2)N|5-chloro-1,3-benzoxazol-2-amine|2.5
COC(=O)C1C(O)C2(O)c3c(OC)cc(OC4OC(C(O)CO)COC4OC)cc3OC2(c2ccc(OC)cc2)C1c1ccccc1|1.5727999999999998|COC(=O)C1C(O)C2(O)c3c(OC)cc(OC4OC(C(O)CO)COC4OC)cc3OC2(c2ccc(OC)cc2)C1c1ccccc1|COC1C(OC(CO1)C(CO)O)OC2=CC3=C(C(=C2)OC)C4(C(C(C(C4(O3)C5=CC=C(C=C5)OC)C6=CC=CC=C6)C(=O)OC)O)O|methyl 6-[[6-(1,2-dihydroxyethyl)-3-methoxy-1,4-dioxan-2-yl]oxy]-1,8b-dihydroxy-8-methoxy-3a-(4-methoxyphenyl)-3-phenyl-2,3-dihydro-1H-cyclopenta[b][1]benzofuran-2-carboxylate|1.6
CC12CCC(O)CC1CCC1C2CCC2(C)C(C3=CC(=O)OC3)C(O)CC12O|2.5751000000000013|CC12CCC(O)CC1CCC1C2CCC2(C)C(C3=CC(=O)OC3)C(O)CC12O|CC12CCC(CC1CCC3C2CCC4(C3(CC(C4C5=CC(=O)OC5)O)O)C)O|3-(3,14,16-trihydroxy-10,13-dimethyl-1,2,3,4,5,6,7,8,9,11,12,15,16,17-tetradecahydrocyclopenta[a]phenanthren-17-yl)-2H-furan-5-one|1.6
COc1ccc(CCN2CCC(Nc3nc4ccccc4n3Cc3ccc(F)cc3)CC2)cc1|5.351300000000005|COc1ccc(CCN2CCC(Nc3nc4ccccc4n3Cc3ccc(F)cc3)CC2)cc1|COC1=CC=C(C=C1)CCN2CCC(CC2)NC3=NC4=CC=CC=C4N3CC5=CC=C(C=C5)F|1-[(4-fluorophenyl)methyl]-N-[1-[2-(4-methoxyphenyl)ethyl]piperidin-4-yl]benzimidazol-2-amine|6.0
Cn1nc(C(C)(C)C)cc1C(=O)NC(Cc1cccc(Cl)c1)C(=O)NCC#N|2.3518800000000004|Cn1nc(C(C)(C)C)cc1C(=O)NC(Cc1cccc(Cl)c1)C(=O)NCC#N|CC(C)(C)C1=NN(C(=C1)C(=O)NC(CC2=CC(=CC=C2)Cl)C(=O)NCC#N)C|5-tert-butyl-N-[3-(3-chlorophenyl)-1-(cyanomethylamino)-1-oxopropan-2-yl]-2-methylpyrazole-3-carboxamide|3.3
O=C1NCN(c2ccccc2)C12CCN(CCCC(c1ccc(F)cc1)c1ccc(F)cc1)CC2|5.305400000000005|O=C1NCN(c2ccccc2)C12CCN(CCCC(c1ccc(F)cc1)c1ccc(F)cc1)CC2|C1CN(CCC12C(=O)NCN2C3=CC=CC=C3)CCCC(C4=CC=C(C=C4)F)C5=CC=C(C=C5)F|8-[4,4-bis(4-fluorophenyl)butyl]-1-phenyl-1,3,8-triazaspiro[4.5]decan-4-one|5.6
CNc1ccc2oc(CC3OC4(CCC3C)OC(C(C)C(=O)c3ccc[nH]3)C(C)CC4C)nc2c1C(=O)O|5.529800000000005|CNc1ccc2oc(CC3OC4(CCC3C)OC(C(C)C(=O)c3ccc[nH]3)C(C)CC4C)nc2c1C(=O)O|CC1CCC2(C(CC(C(O2)C(C)C(=O)C3=CC=CN3)C)C)OC1CC4=NC5=C(O4)C=CC(=C5C(=O)O)NC|5-(methylamino)-2-[[3,5,9-trimethyl-2-[1-oxo-1-(1H-pyrrol-2-yl)propan-2-yl]-1,7-dioxaspiro[5.5]undecan-8-yl]methyl]-1,3-benzoxazole-4-carboxylic acid|5.9
COc1cc2nc(N3CCN(C(=O)C4COc5ccccc5O4)CC3)nc(N)c2cc1OC|1.7177999999999993|COc1cc2nc(N3CCN(C(=O)C4COc5ccccc5O4)CC3)nc(N)c2cc1OC|COC1=C(C=C2C(=C1)C(=NC(=N2)N3CCN(CC3)C(=O)C4COC5=CC=CC=C5O4)N)OC|[4-(4-amino-6,7-dimethoxyquinazolin-2-yl)piperazin-1-yl]-(2,3-dihydro-1,4-benzodioxin-3-yl)methanone|2.5
Cc1ccc(NC(=O)c2ccc(CN3CCN(C)CC3)cc2)cc1Nc1nccc(-c2cccnc2)n1|4.590320000000004|Cc1ccc(NC(=O)c2ccc(CN3CCN(C)CC3)cc2)cc1Nc1nccc(-c2cccnc2)n1|CC1=C(C=C(C=C1)NC(=O)C2=CC=C(C=C2)CN3CCN(CC3)C)NC4=NC=CC(=N4)C5=CN=CC=C5|4-[(4-methylpiperazin-1-yl)methyl]-N-[4-methyl-3-[(4-pyridin-3-ylpyrimidin-2-yl)amino]phenyl]benzamide|3.5
COc1ccc(CC2NCC(O)C2OC(C)=O)cc1|0.5020999999999994|COc1ccc(CC2NCC(O)C2OC(C)=O)cc1|CC(=O)OC1C(CNC1CC2=CC=C(C=C2)OC)O|[4-hydroxy-2-[(4-methoxyphenyl)methyl]pyrrolidin-3-yl] acetate|0.9
COc1c(-c2coc3cc4c(cc3c2=O)CC(O)C(C)(C)O4)ccc2c1C=CC(C)(C)O2|4.727200000000005|COc1c(-c2coc3cc4c(cc3c2=O)CC(O)C(C)(C)O4)ccc2c1C=CC(C)(C)O2|CC1(C=CC2=C(O1)C=CC(=C2OC)C3=COC4=C(C3=O)C=C5CC(C(OC5=C4)(C)C)O)C|3-hydroxy-7-(5-methoxy-2,2-dimethylchromen-6-yl)-2,2-dimethyl-3,4-dihydropyrano[3,2-g]chromen-6-one|4.1
CC12CCC3C(CCC4(O)CC(O)CCC34C(=O)O)C1(O)CCC2C1=CC(=O)OC1|1.7839|CC12CCC3C(CCC4(O)CC(O)CCC34C(=O)O)C1(O)CCC2C1=CC(=O)OC1|CC12CCC3C(C1(CCC2C4=CC(=O)OC4)O)CCC5(C3(CCC(C5)O)C(=O)O)O|3,5,14-trihydroxy-13-methyl-17-(5-oxo-2H-furan-3-yl)-2,3,4,6,7,8,9,11,12,15,16,17-dodecahydro-1H-cyclopenta[a]phenanthrene-10-carboxylic acid|0.7
CN(C)C(=O)COC(=O)Cc1ccc(OC(=O)c2ccc(NC(=N)N)cc2)cc1|1.3850699999999991|CN(C)C(=O)COC(=O)Cc1ccc(OC(=O)c2ccc(NC(=N)N)cc2)cc1|CN(C)C(=O)COC(=O)CC1=CC=C(C=C1)OC(=O)C2=CC=C(C=C2)N=C(N)N|[4-[2-[2-(dimethylamino)-2-oxoethoxy]-2-oxoethyl]phenyl] 4-(diaminomethylideneamino)benzoate|1.1
CC12CCC(O)CC1CCC1C2CCC2(C)C(C3=CC(=O)OC3)CCC12O|3.6043000000000034|CC12CCC(O)CC1CCC1C2CCC2(C)C(C3=CC(=O)OC3)CCC12O|CC12CCC(CC1CCC3C2CCC4(C3(CCC4C5=CC(=O)OC5)O)C)O|3-(3,14-dihydroxy-10,13-dimethyl-1,2,3,4,5,6,7,8,9,11,12,15,16,17-tetradecahydrocyclopenta[a]phenanthren-17-yl)-2H-furan-5-one|2.6
COc1ccc2c(c1)[nH]c1c(C)nccc12|3.033120000000001|COc1ccc2c(c1)[nH]c1c(C)nccc12|CC1=NC=CC2=C1NC3=C2C=CC(=C3)OC|7-methoxy-1-methyl-9H-pyrido[3,4-b]indole|3.6
CCCCCCCCCCCCCCCC[n+]1ccccc1|6.455400000000006|CCCCCCCCCCCCCCCC[n+]1ccccc1|CCCCCCCCCCCCCCCC[N+]1=CC=CC=C1|1-hexadecylpyridin-1-ium|8.7
CN1CCN(C(=O)NC(Cc2ccccc2)C(=O)NC(C=CS(=O)(=O)c2ccccc2)CCc2ccccc2)CC1|3.659900000000002|CN1CCN(C(=O)NC(Cc2ccccc2)C(=O)NC(C=CS(=O)(=O)c2ccccc2)CCc2ccccc2)CC1|CN1CCN(CC1)C(=O)NC(CC2=CC=CC=C2)C(=O)NC(CCC3=CC=CC=C3)C=CS(=O)(=O)C4=CC=CC=C4|N-[1-[[1-(benzenesulfonyl)-5-phenylpent-1-en-3-yl]amino]-1-oxo-3-phenylpropan-2-yl]-4-methylpiperazine-1-carboxamide|4.1
CCC1(C2OC(C3OC(O)(CO)C(C)CC3C)CC2C)CCC(C2(C)CCC3(CC(O)C(C)C(C(C)C(OC)C(C)C(=O)O)O3)O2)O1|4.272900000000003|CCC1(C2OC(C3OC(O)(CO)C(C)CC3C)CC2C)CCC(C2(C)CCC3(CC(O)C(C)C(C(C)C(OC)C(C)C(=O)O)O3)O2)O1|CCC1(CCC(O1)C2(CCC3(O2)CC(C(C(O3)C(C)C(C(C)C(=O)O)OC)C)O)C)C4C(CC(O4)C5C(CC(C(O5)(CO)O)C)C)C|4-[2-[5-ethyl-5-[5-[6-hydroxy-6-(hydroxymethyl)-3,5-dimethyloxan-2-yl]-3-methyloxolan-2-yl]oxolan-2-yl]-7-hydroxy-2,8-dimethyl-1,10-dioxaspiro[4.5]decan-9-yl]-3-methoxy-2-methylpentanoic acid|4.2
CC1(C)C(C=C(Cl)Cl)C1C(=O)OCc1cccc(Oc2ccccc2)c1|6.113300000000004|CC1(C)C(C=C(Cl)Cl)C1C(=O)OCc1cccc(Oc2ccccc2)c1|CC1(C(C1C(=O)OCC2=CC(=CC=C2)OC3=CC=CC=C3)C=C(Cl)Cl)C|(3-phenoxyphenyl)methyl 3-(2,2-dichloroethenyl)-2,2-dimethylcyclopropane-1-carboxylate|6.5
Nc1ccc(N=Nc2ccccc2)c(N)n1|2.6613999999999995|Nc1ccc(N=Nc2ccccc2)c(N)n1|C1=CC=C(C=C1)N=NC2=C(N=C(C=C2)N)N|3-phenyldiazenylpyridine-2,6-diamine|1.9
CCN(CC)CCOc1ccc2c(c1)C(=O)c1cc(OCCN(CC)CC)ccc1-2|4.339200000000004|CCN(CC)CCOc1ccc2c(c1)C(=O)c1cc(OCCN(CC)CC)ccc1-2|CCN(CC)CCOC1=CC2=C(C=C1)C3=C(C2=O)C=C(C=C3)OCCN(CC)CC|2,7-bis[2-(diethylamino)ethoxy]fluoren-9-one|4.7
CCC(=O)N1CCN(c2ccc(-n3c(=O)ccc4cnc5ccc(-c6cnc7ccccc7c6)cc5c43)cc2C(F)(F)F)CC1|6.831500000000006|CCC(=O)N1CCN(c2ccc(-n3c(=O)ccc4cnc5ccc(-c6cnc7ccccc7c6)cc5c43)cc2C(F)(F)F)CC1|CCC(=O)N1CCN(CC1)C2=C(C=C(C=C2)N3C(=O)C=CC4=CN=C5C=CC(=CC5=C43)C6=CC7=CC=CC=C7N=C6)C(F)(F)F|1-[4-(4-propanoylpiperazin-1-yl)-3-(trifluoromethyl)phenyl]-9-quinolin-3-ylbenzo[h][1,6]naphthyridin-2-one|6.0
COc1cc2c(cc1OC)C1C(=O)c3ccc4oc(C(C)C)cc4c3OC1CO2|4.693300000000004|COc1cc2c(cc1OC)C1C(=O)c3ccc4oc(C(C)C)cc4c3OC1CO2|CC(C)C1=CC2=C(O1)C=CC3=C2OC4COC5=CC(=C(C=C5C4C3=O)OC)OC|16,17-dimethoxy-6-propan-2-yl-2,7,20-trioxapentacyclo[11.8.0.03,11.04,8.014,19]henicosa-3(11),4(8),5,9,14,16,18-heptaen-12-one|4.4
CC1CC(C)C(=O)C(C(O)CC2CC(=O)NC(=O)C2)C1|1.0415|CC1CC(C)C(=O)C(C(O)CC2CC(=O)NC(=O)C2)C1|CC1CC(C(=O)C(C1)C(CC2CC(=O)NC(=O)C2)O)C|4-[2-(3,5-dimethyl-2-oxocyclohexyl)-2-hydroxyethyl]piperidine-2,6-dione|0.5
COc1cc2c3cc1Oc1c(OC)c(OC)cc4c1C(Cc1ccc(O)c(c1)Oc1ccc(cc1)CC3N(C)CC2)N(C)CC4|6.859400000000009|COc1cc2c3cc1Oc1c(OC)c(OC)cc4c1C(Cc1ccc(O)c(c1)Oc1ccc(cc1)CC3N(C)CC2)N(C)CC4|CN1CCC2=CC(=C3C=C2C1CC4=CC=C(C=C4)OC5=C(C=CC(=C5)CC6C7=C(O3)C(=C(C=C7CCN6C)OC)OC)O)OC|20,21,25-trimethoxy-15,30-dimethyl-7,23-dioxa-15,30-diazaheptacyclo[22.6.2.23,6.18,12.114,18.027,31.022,33]hexatriaconta-3(36),4,6(35),8,10,12(34),18,20,22(33),24,26,31-dodecaen-9-ol|6.1
O=C([O-])c1cc2ccccc2c(Cc2c(O)c(C(=O)[O-])cc3ccccc23)c1O|1.722|O=C([O-])c1cc2ccccc2c(Cc2c(O)c(C(=O)[O-])cc3ccccc23)c1O|C1=CC=C2C(=C1)C=C(C(=C2CC3=C(C(=CC4=CC=CC=C43)C(=O)O)[O-])[O-])C(=O)O|3-carboxy-1-[(3-carboxy-2-oxidonaphthalen-1-yl)methyl]naphthalen-2-olate|7.1
CC(C)NCC(O)COc1cccc2ccccc12|2.5775000000000006|CC(C)NCC(O)COc1cccc2ccccc12|CC(C)NCC(COC1=CC=CC2=CC=CC=C21)O|1-naphthalen-1-yloxy-3-(propan-2-ylamino)propan-2-ol|3.0
CCCCC(CC)COC(=O)C(C#N)=C(c1ccccc1)c1ccccc1|5.771680000000005|CCCCC(CC)COC(=O)C(C#N)=C(c1ccccc1)c1ccccc1|CCCCC(CC)COC(=O)C(=C(C1=CC=CC=C1)C2=CC=CC=C2)C#N|2-ethylhexyl 2-cyano-3,3-diphenylprop-2-enoate|7.1
CNCCCN1c2ccccc2CCc2ccccc21|3.5328000000000026|CNCCCN1c2ccccc2CCc2ccccc21|CNCCCN1C2=CC=CC=C2CCC3=CC=CC=C31|3-(5,6-dihydrobenzo[b][1]benzazepin-11-yl)-N-methylpropan-1-amine|4.9
Cc1nc(Nc2ncc(C(=O)Nc3c(C)cccc3Cl)s2)cc(N2CCN(CCO)CC2)n1|3.3135400000000015|Cc1nc(Nc2ncc(C(=O)Nc3c(C)cccc3Cl)s2)cc(N2CCN(CCO)CC2)n1|CC1=C(C(=CC=C1)Cl)NC(=O)C2=CN=C(S2)NC3=CC(=NC(=N3)C)N4CCN(CC4)CCO|N-(2-chloro-6-methylphenyl)-2-[[6-[4-(2-hydroxyethyl)piperazin-1-yl]-2-methylpyrimidin-4-yl]amino]-1,3-thiazole-5-carboxamide|3.6
CCOC(=O)C1OC1C(=O)NC(CC(C)C)C(=O)NCCC(C)C|1.0101000000000002|CCOC(=O)C1OC1C(=O)NC(CC(C)C)C(=O)NCCC(C)C|CCOC(=O)C1C(O1)C(=O)NC(CC(C)C)C(=O)NCCC(C)C|ethyl 3-[[4-methyl-1-(3-methylbutylamino)-1-oxopentan-2-yl]carbamoyl]oxirane-2-carboxylate|2.3
S=C(NCc1ccc2c(c1)OCO2)N1CCN(c2ncnc3c2oc2ccccc23)CC1|3.301400000000002|S=C(NCc1ccc2c(c1)OCO2)N1CCN(c2ncnc3c2oc2ccccc23)CC1|C1CN(CCN1C2=NC=NC3=C2OC4=CC=CC=C43)C(=S)NCC5=CC6=C(C=C5)OCO6|N-(1,3-benzodioxol-5-ylmethyl)-4-([1]benzofuro[3,2-d]pyrimidin-4-yl)piperazine-1-carbothioamide|3.5
C=CCc1ccccc1OCC(O)CNC(C)C|2.1528|C=CCc1ccccc1OCC(O)CNC(C)C|CC(C)NCC(COC1=CC=CC=C1CC=C)O|1-(propan-2-ylamino)-3-(2-prop-2-enylphenoxy)propan-2-ol|3.1
N#CC1(c2ccc3c(N)ncnn23)OC(CO)C(O)C1O|-1.8567200000000001|N#CC1(c2ccc3c(N)ncnn23)OC(CO)C(O)C1O|C1=C2C(=NC=NN2C(=C1)C3(C(C(C(O3)CO)O)O)C#N)N|2-(4-aminopyrrolo[2,1-f][1,2,4]triazin-7-yl)-3,4-dihydroxy-5-(hydroxymethyl)oxolane-2-carbonitrile|-1.4
OC(c1cc(C(F)(F)F)nc2c(C(F)(F)F)cccc12)C1CCCCN1|4.447900000000003|OC(c1cc(C(F)(F)F)nc2c(C(F)(F)F)cccc12)C1CCCCN1|C1CCNC(C1)C(C2=CC(=NC3=C2C=CC=C3C(F)(F)F)C(F)(F)F)O|[2,8-bis(trifluoromethyl)quinolin-4-yl]-piperidin-2-ylmethanol|3.6
OC1C=C2CCN3Cc4cc5c(cc4C(C1O)C23)OCO5|0.7485999999999999|OC1C=C2CCN3Cc4cc5c(cc4C(C1O)C23)OCO5|C1CN2CC3=CC4=C(C=C3C5C2C1=CC(C5O)O)OCO4|5,7-dioxa-12-azapentacyclo[10.6.1.02,10.04,8.015,19]nonadeca-2,4(8),9,15-tetraene-17,18-diol|0.0
OCCN1CCN(CCCN2c3ccccc3Sc3ccc(C(F)(F)F)cc32)CC1|4.308100000000003|OCCN1CCN(CCCN2c3ccccc3Sc3ccc(C(F)(F)F)cc32)CC1|C1CN(CCN1CCCN2C3=CC=CC=C3SC4=C2C=C(C=C4)C(F)(F)F)CCO|2-[4-[3-[2-(trifluoromethyl)phenothiazin-10-yl]propyl]piperazin-1-yl]ethanol|4.4
COc1cc2c(cc1OC)C1C(=O)c3ccc4c(c3OC1CO2)CC(C(C)C)O4|3.7832000000000026|COc1cc2c(cc1OC)C1C(=O)c3ccc4c(c3OC1CO2)CC(C(C)C)O4|CC(C)C1CC2=C(O1)C=CC3=C2OC4COC5=CC(=C(C=C5C4C3=O)OC)OC|16,17-dimethoxy-6-propan-2-yl-2,7,20-trioxapentacyclo[11.8.0.03,11.04,8.014,19]henicosa-3(11),4(8),9,14,16,18-hexaen-12-one|4.2
COc1c(CC(=O)c2cc3c(cc2O)OC(C)(C)C(O)C3)ccc2c1C=CC(C)(C)O2|4.084800000000003|COc1c(CC(=O)c2cc3c(cc2O)OC(C)(C)C(O)C3)ccc2c1C=CC(C)(C)O2|CC1(C=CC2=C(O1)C=CC(=C2OC)CC(=O)C3=C(C=C4C(=C3)CC(C(O4)(C)C)O)O)C|1-(3,7-dihydroxy-2,2-dimethyl-3,4-dihydrochromen-6-yl)-2-(5-methoxy-2,2-dimethylchromen-6-yl)ethanone|4.3
O=C(Nc1cc(Cl)cc(Cl)c1O)c1c(O)c(Cl)cc(Cl)c1Cl|5.6171000000000015|O=C(Nc1cc(Cl)cc(Cl)c1O)c1c(O)c(Cl)cc(Cl)c1Cl|C1=C(C=C(C(=C1NC(=O)C2=C(C(=CC(=C2Cl)Cl)Cl)O)O)Cl)Cl|2,3,5-trichloro-N-(3,5-dichloro-2-hydroxyphenyl)-6-hydroxybenzamide|5.7
CCC(CC)COC(=O)C(C)NP(=O)(OCC1OC(C#N)(c2ccc3c(N)ncnn23)C(O)C1O)Oc1ccccc1|2.3121799999999997|CCC(CC)COC(=O)C(C)NP(=O)(OCC1OC(C#N)(c2ccc3c(N)ncnn23)C(O)C1O)Oc1ccccc1|CCC(CC)COC(=O)C(C)NP(=O)(OCC1C(C(C(O1)(C#N)C2=CC=C3N2N=CN=C3N)O)O)OC4=CC=CC=C4|2-ethylbutyl 2-[[[5-(4-aminopyrrolo[2,1-f][1,2,4]triazin-7-yl)-5-cyano-3,4-dihydroxyoxolan-2-yl]methoxy-phenoxyphosphoryl]amino]propanoate|1.9
CC(C)c1ccc2c(c1)c(SC(C)(C)C)c(CC(C)(C)C(=O)O)n2Cc1ccc(Cl)cc1|8.010300000000008|CC(C)c1ccc2c(c1)c(SC(C)(C)C)c(CC(C)(C)C(=O)O)n2Cc1ccc(Cl)cc1|CC(C)C1=CC2=C(C=C1)N(C(=C2SC(C)(C)C)CC(C)(C)C(=O)O)CC3=CC=C(C=C3)Cl|3-[3-tert-butylsulfanyl-1-[(4-chlorophenyl)methyl]-5-propan-2-ylindol-2-yl]-2,2-dimethylpropanoic acid|7.6
O=C(C=Cc1ccccc1)c1ccc(O)cc1|3.2883000000000013|O=C(C=Cc1ccccc1)c1ccc(O)cc1|C1=CC=C(C=C1)C=CC(=O)C2=CC=C(C=C2)O|1-(4-hydroxyphenyl)-3-phenylprop-2-en-1-one|2.7
CN1CCN(c2nc(C3=C(c4c[nH]c5ccccc45)C(=O)NC3=O)c3ccccc3n2)CC1|2.4301000000000004|CN1CCN(c2nc(C3=C(c4c[nH]c5ccccc45)C(=O)NC3=O)c3ccccc3n2)CC1|CN1CCN(CC1)C2=NC3=CC=CC=C3C(=N2)C4=C(C(=O)NC4=O)C5=CNC6=CC=CC=C65|3-(1H-indol-3-yl)-4-[2-(4-methylpiperazin-1-yl)quinazolin-4-yl]pyrrole-2,5-dione|2.6
CC(=O)C1=C(O)C2C3c4c[nH]c5cccc(c45)CC3C(C)(C)N2C1=O|2.8279000000000014|CC(=O)C1=C(O)C2C3c4c[nH]c5cccc(c45)CC3C(C)(C)N2C1=O|CC(=O)C1=C(C2C3C(CC4=C5C3=CNC5=CC=C4)C(N2C1=O)(C)C)O|5-acetyl-4-hydroxy-8,8-dimethyl-7,16-diazapentacyclo[9.6.1.02,9.03,7.015,18]octadeca-1(17),4,11(18),12,14-pentaen-6-one|2.2
CCN(CC)CCNc1ccc(CO)c2sc3ccccc3c(=O)c12|3.660700000000002|CCN(CC)CCNc1ccc(CO)c2sc3ccccc3c(=O)c12|CCN(CC)CCNC1=C2C(=C(C=C1)CO)SC3=CC=CC=C3C2=O|1-[2-(diethylamino)ethylamino]-4-(hydroxymethyl)thioxanthen-9-one|2.7
CC1C2CCC3C4CC=C5CC(N(C)C)CCC5(C)C4CCC32CN1C|4.809600000000005|CC1C2CCC3C4CC=C5CC(N(C)C)CCC5(C)C4CCC32CN1C|CC1C2CCC3C2(CCC4C3CC=C5C4(CCC(C5)N(C)C)C)CN1C|N,N,6,7,13-pentamethyl-7-azapentacyclo[10.8.0.02,9.05,9.013,18]icos-18-en-16-amine|4.9
COC(=O)C1=C(C)NC(C)=C(C(=O)OC(C)(C)CN(C)CCC(c2ccccc2)c2ccccc2)C1c1cccc([N+](=O)[O-])c1|6.478400000000008|COC(=O)C1=C(C)NC(C)=C(C(=O)OC(C)(C)CN(C)CCC(c2ccccc2)c2ccccc2)C1c1cccc([N+](=O)[O-])c1|CC1=C(C(C(=C(N1)C)C(=O)OC(C)(C)CN(C)CCC(C2=CC=CC=C2)C3=CC=CC=C3)C4=CC(=CC=C4)[N+](=O)[O-])C(=O)OC|5-O-[1-[3,3-diphenylpropyl(methyl)amino]-2-methylpropan-2-yl] 3-O-methyl 2,6-dimethyl-4-(3-nitrophenyl)-1,4-dihydropyridine-3,5-dicarboxylate|6.9
CCN(CCO)CCCC(C)Nc1ccnc2cc(Cl)ccc12|3.783000000000002|CCN(CCO)CCCC(C)Nc1ccnc2cc(Cl)ccc12|CCN(CCCC(C)NC1=C2C=CC(=CC2=NC=C1)Cl)CCO|2-[4-[(7-chloroquinolin-4-yl)amino]pentyl-ethylamino]ethanol|3.6
CC(CN1c2ccccc2Sc2ccccc21)N(C)C|4.239400000000003|CC(CN1c2ccccc2Sc2ccccc21)N(C)C|CC(CN1C2=CC=CC=C2SC3=CC=CC=C31)N(C)C|N,N-dimethyl-1-phenothiazin-10-ylpropan-2-amine|4.8
CCC1C=CC=CCC(C)C(O)C(C)(O)C(=O)C(C)C(O)C(C)C(=O)C(C)C(O)C(C)C=CC(=O)OC2C(C)C(CC1)OC1(CCC(C)C(CC(C)O)O1)C2C|5.882600000000007|CCC1C=CC=CCC(C)C(O)C(C)(O)C(=O)C(C)C(O)C(C)C(=O)C(C)C(O)C(C)C=CC(=O)OC2C(C)C(CC1)OC1(CCC(C)C(CC(C)O)O1)C2C|CCC1CCC2C(C(C(C3(O2)CCC(C(O3)CC(C)O)C)C)OC(=O)C=CC(C(C(C(=O)C(C(C(C(=O)C(C(C(CC=CC=C1)C)O)(C)O)C)O)C)C)O)C)C|22-ethyl-7,11,14,15-tetrahydroxy-6'-(2-hydroxypropyl)-5',6,8,10,12,14,16,28,29-nonamethylspiro[2,26-dioxabicyclo[23.3.1]nonacosa-4,18,20-triene-27,2'-oxane]-3,9,13-trione|7.1
CC1OC(OC2C(O)CC(OC3C(O)CC(OC4CCC5(C)C(CCC6C5CCC5(C)C(C7=CC(=O)OC7)CCC65O)C4)OC3C)OC2C)CC(O)C1O|3.2473000000000014|CC1OC(OC2C(O)CC(OC3C(O)CC(OC4CCC5(C)C(CCC6C5CCC5(C)C(C7=CC(=O)OC7)CCC65O)C4)OC3C)OC2C)CC(O)C1O|CC1C(C(CC(O1)OC2C(OC(CC2O)OC3C(OC(CC3O)OC4CCC5(C(C4)CCC6C5CCC7(C6(CCC7C8=CC(=O)OC8)O)C)C)C)C)O)O|3-[3-[5-[5-(4,5-dihydroxy-6-methyloxan-2-yl)oxy-4-hydroxy-6-methyloxan-2-yl]oxy-4-hydroxy-6-methyloxan-2-yl]oxy-14-hydroxy-10,13-dimethyl-1,2,3,4,5,6,7,8,9,11,12,15,16,17-tetradecahydrocyclopenta[a]phenanthren-17-yl]-2H-furan-5-one|2.3
CCSc1ccc2c(c1)N(CCCN1CCN(C)CC1)c1ccccc1S2|5.0388000000000055|CCSc1ccc2c(c1)N(CCCN1CCN(C)CC1)c1ccccc1S2|CCSC1=CC2=C(C=C1)SC3=CC=CC=C3N2CCCN4CCN(CC4)C|2-ethylsulfanyl-10-[3-(4-methylpiperazin-1-yl)propyl]phenothiazine|5.4
CN1CCN(CCOc2cc(OC3CCOCC3)c3c(Nc4c(Cl)ccc5c4OCO5)ncnc3c2)CC1|3.9395000000000024|CN1CCN(CCOc2cc(OC3CCOCC3)c3c(Nc4c(Cl)ccc5c4OCO5)ncnc3c2)CC1|CN1CCN(CC1)CCOC2=CC3=C(C(=C2)OC4CCOCC4)C(=NC=N3)NC5=C(C=CC6=C5OCO6)Cl|N-(5-chloro-1,3-benzodioxol-4-yl)-7-[2-(4-methylpiperazin-1-yl)ethoxy]-5-(oxan-4-yloxy)quinazolin-4-amine|4.1
CC(C)(C)c1cc(C(=O)C(C#N)=NNc2cccc(Cl)c2)no1|3.7998800000000026|CC(C)(C)c1cc(C(=O)C(C#N)=NNc2cccc(Cl)c2)no1|CC(C)(C)C1=CC(=NO1)C(=O)C(=NNC2=CC(=CC=C2)Cl)C#N|2-(5-tert-butyl-1,2-oxazol-3-yl)-N-(3-chloroanilino)-2-oxoethanimidoyl cyanide|5.2
CC1OC(OC2C(O)CC(OC3C(O)CC(OC4CCC5(C)C(CCC6C5CC(O)C5(C)C(C7=CC(=O)OC7)CCC65O)C4)OC3C)OC2C)CC(O)C1O|2.218100000000003|CC1OC(OC2C(O)CC(OC3C(O)CC(OC4CCC5(C)C(CCC6C5CC(O)C5(C)C(C7=CC(=O)OC7)CCC65O)C4)OC3C)OC2C)CC(O)C1O|CC1C(C(CC(O1)OC2C(OC(CC2O)OC3C(OC(CC3O)OC4CCC5(C(C4)CCC6C5CC(C7(C6(CCC7C8=CC(=O)OC8)O)C)O)C)C)C)O)O|3-[3-[5-[5-(4,5-dihydroxy-6-methyloxan-2-yl)oxy-4-hydroxy-6-methyloxan-2-yl]oxy-4-hydroxy-6-methyloxan-2-yl]oxy-12,14-dihydroxy-10,13-dimethyl-1,2,3,4,5,6,7,8,9,11,12,15,16,17-tetradecahydrocyclopenta[a]phenanthren-17-yl]-2H-furan-5-one|1.3
CN(C)CCCN1c2ccccc2CCc2ccc(Cl)cc21|4.528400000000004|CN(C)CCCN1c2ccccc2CCc2ccc(Cl)cc21|CN(C)CCCN1C2=CC=CC=C2CCC3=C1C=C(C=C3)Cl|3-(2-chloro-5,6-dihydrobenzo[b][1]benzazepin-11-yl)-N,N-dimethylpropan-1-amine|5.2
COC(=O)CC(O)(CCCC(C)(C)O)C(=O)OC1C(OC)=CC23CCCN2CCc2cc4c(cc2C13)OCO4|2.5807|COC(=O)CC(O)(CCCC(C)(C)O)C(=O)OC1C(OC)=CC23CCCN2CCc2cc4c(cc2C13)OCO4|CC(C)(CCCC(CC(=O)OC)(C(=O)OC1C2C3=CC4=C(C=C3CCN5C2(CCC5)C=C1OC)OCO4)O)O|1-O-(4-methoxy-16,18-dioxa-10-azapentacyclo[11.7.0.02,6.06,10.015,19]icosa-1(20),4,13,15(19)-tetraen-3-yl) 4-O-methyl 2-hydroxy-2-(4-hydroxy-4-methylpentyl)butanedioate|0.8
Clc1ccccc1CN1CCc2sccc2C1|3.959800000000002|Clc1ccccc1CN1CCc2sccc2C1|C1CN(CC2=C1SC=C2)CC3=CC=CC=C3Cl|5-[(2-chlorophenyl)methyl]-6,7-dihydro-4H-thieno[3,2-c]pyridine|3.6
